date,season,neutral,playoff,team1,team2,elo1_pre,elo2_pre,elo_prob1,elo_prob2,elo1_post,elo2_post,qbelo1_pre,qbelo2_pre,qb1,qb2,qb1_value_pre,qb2_value_pre,qb1_adj,qb2_adj,qbelo_prob1,qbelo_prob2,qb1_game_value,qb2_game_value,qb1_value_post,qb2_value_post,qbelo1_post,qbelo2_post,score1,score2
17-09-06,2006,0,,PHI,NYG,1480.215,1507.757,0.5536985,0.4463015,1458.293,1529.679,1529.113782,1516.928123,Donovan McNabb,Eli Manning,145.6828487,79.51187812,16.8026222,2.677831079,0.61538966,0.38461034,330.8570774,161.6181786,164.2002715,87.72250817,1504.240776,1541.80113,24,30
02-10-06,2006,0,,PHI,GB,1484.234,1427.825,0.667940823,0.332059177,1503.968,1408.091,1525.330948,1412.166699,Donovan McNabb,Brett Favre,161.9924409,112.8295889,22.85622708,6.397854083,0.746424718,0.253575282,303.0667465,-23.48933374,176.0998715,99.19769664,1539.983485,1397.514162,31,9
08-10-06,2006,0,,PHI,DAL,1503.968,1528.274,0.558297031,0.441702969,1527.457,1504.785,1539.983485,1570.187439,Donovan McNabb,Drew Bledsoe,176.0998715,60.42308127,28.76713101,-1.496526511,0.585938956,0.414061044,272.2168619,-156.1171679,185.7115705,38.76905635,1561.811023,1548.359901,38,24
29-10-06,2006,0,,PHI,JAX,1503.389,1534.904,0.548040138,0.451959862,1480.244,1558.049,1532.661732,1528.591015,Donovan McNabb,David Garrard,187.3913702,93.86423908,30.05043375,-5.107531055,0.636415248,0.363584752,37.75137298,77.09506443,172.4273705,92.18732162,1504.969807,1556.28294,6,13
12-11-06,2006,0,,PHI,WSH,1480.244,1498.982,0.566185682,0.433814318,1507.597,1471.629,1504.969807,1501.60294,Donovan McNabb,Mark Brunell,172.4273705,106.3402992,21.0659122,11.4899761,0.631263613,0.368736387,156.623255,11.21629041,170.846959,96.82789832,1527.741403,1478.831343,27,3
19-11-06,2006,0,,PHI,TEN,1507.597,1365.131,0.767503933,0.232496067,1457.694,1415.035,1527.741403,1358.489253,Donovan McNabb,Vince Young,170.846959,81.01822013,19.22241081,19.10438561,0.787059023,0.212940977,-36.09097022,47.92239379,150.153166,77.70863749,1476.057263,1410.173392,13,31
04-12-06,2006,0,,PHI,CAR,1449.538,1533.544,0.472675418,0.527324582,1464.286,1518.796,1469.27788,1528.577436,Jeff Garcia,Jake Delhomme,102.5642471,89.2614538,-43.11342403,-10.82253782,0.450093284,0.549906716,294.6908686,221.8849806,121.7769092,102.5238065,1484.769543,1513.085772,27,24
31-12-06,2006,0,,PHI,ATL,1556.877,1429.424,0.751727792,0.248272208,1566.372,1419.929,1582.160048,1432.52209,Jeff Garcia,Michael Vick,129.7531996,110.0086997,-23.14532303,-3.714396257,0.746764308,0.253235692,8.87046111,38.29455555,117.6649258,102.8372853,1591.863244,1422.818894,24,17
07-01-07,2006,0,w,PHI,NYG,1566.372,1496.834,0.684485535,0.315514465,1574.616,1488.59,1591.863244,1500.85269,Jeff Garcia,Eli Manning,117.6649258,68.56843681,-28.0321938,-5.892380835,0.702248066,0.297751934,66.62930198,118.4268324,112.5613634,73.55427637,1599.594849,1493.121085,23,20
17-09-07,2007,0,,PHI,WSH,1529.748,1461.613,0.682738739,0.317261261,1497.813,1493.548,1530.748504,1479.426182,Donovan McNabb,Jason Campbell,140.5153948,98.29160659,2.498669315,-0.495369753,0.652919099,0.347080901,89.79626601,154.6278942,135.443482,103.9252354,1500.549492,1509.625193,12,20
23-09-07,2007,0,,PHI,DET,1497.813,1431.253,0.680771646,0.319228354,1519.401,1409.664,1500.549492,1453.081884,Donovan McNabb,Jon Kitna,135.443482,117.3656799,-0.162220592,11.71080409,0.629884008,0.370115992,441.5054209,85.55300617,166.0496758,114.1844125,1526.006988,1427.624388,56,21
21-10-07,2007,0,,PHI,CHI,1517.049,1512.655,0.598558868,0.401441132,1499.913,1529.791,1518.992348,1511.134412,Donovan McNabb,Brian Griese,116.4783469,103.7491856,-9.952687026,47.95867489,0.510941604,0.489058396,148.4273024,271.1810692,119.6732425,120.4923739,1504.776904,1525.349856,16,19
04-11-07,2007,0,,PHI,DAL,1520.709,1588.804,0.495546055,0.504453945,1490.117,1619.396,1527.158885,1602.874358,Donovan McNabb,Tony Romo,129.2336176,152.1015782,-2.684537098,22.62258035,0.406468023,0.593531977,33.65547816,355.0290287,119.6758037,172.3943232,1502.760068,1627.273175,17,38
18-11-07,2007,0,,PHI,MIA,1517.155,1342.827,0.798618576,0.201381424,1525.865,1334.117,1529.463981,1341.442839,Donovan McNabb,John Beck,141.2507856,95.2182,3.824734621,20.5546013,0.790152493,0.209847507,-90.09231683,11.49692581,118.1164754,86.84607258,1538.574073,1332.332747,17,7
02-12-07,2007,0,,PHI,SEA,1522.933,1539.815,0.568807999,0.431192001,1504.215,1558.534,1536.83641,1545.20306,A.J. Feeley,Matt Hasselbeck,62.32933761,127.8463352,-66.83576831,14.03718796,0.464471209,0.535528791,-75.60369332,62.8448725,48.53603452,121.346189,1522.051848,1559.987623,24,28
09-12-07,2007,0,,PHI,NYG,1504.215,1525.911,0.56199875,0.43800125,1488.32,1541.805,1522.051848,1529.961491,Donovan McNabb,Eli Manning,118.1164754,61.3616951,-0.8101906,-12.40388895,0.584136339,0.415863661,115.2535188,108.7792866,117.8301797,66.10345425,1505.409644,1546.603694,13,16
30-12-07,2007,0,,PHI,BUF,1552.591,1474.888,0.694547125,0.305452875,1565.196,1462.282,1570.69015,1447.53382,Donovan McNabb,Trent Edwards,134.9910655,61.55472356,7.708859219,-6.940129254,0.753278359,0.246721641,164.3376273,91.46520265,137.9257216,64.54577147,1580.65403,1437.56994,17,9
07-09-08,2008,0,,PHI,LAR,1545.131,1397.183,0.773087407,0.226912593,1559.958,1382.356,1530.102007,1427.562041,Donovan McNabb,Marc Bulger,137.9257216,58.84953973,6.171992556,-6.520408197,0.730772615,0.269227385,366.5508759,-15.8697775,160.7882371,51.377608,1547.98741,1409.676638,38,3
21-09-08,2008,0,,PHI,PIT,1549.115,1588.687,0.536528636,0.463471364,1570.214,1567.587,1537.645956,1573.757302,Donovan McNabb,Ben Roethlisberger,163.0116516,118.189618,17.54162536,4.088884399,0.547886595,0.452113405,80.74223015,-198.1276884,154.7847094,86.55788734,1558.155389,1553.247869,15,6
05-10-08,2008,0,,PHI,WSH,1555.251,1562.703,0.582069065,0.417930935,1531.989,1585.964,1542.413,1538.745025,Donovan McNabb,Jason Campbell,147.3267868,132.1307781,8.194558051,12.63614956,0.578049605,0.421950395,119.7925396,97.00110372,144.5733621,128.6178106,1519.342937,1561.815089,17,23
26-10-08,2008,0,,PHI,ATL,1553.003,1442.517,0.733055104,0.266944896,1566.052,1429.468,1540.433134,1422.661689,Donovan McNabb,Matt Ryan,153.5329168,117.727324,10.56748925,13.10169836,0.730124811,0.269875189,157.6881817,96.47542536,153.9484433,115.6021342,1553.639587,1409.455236,27,14
09-11-08,2008,0,,PHI,NYG,1593.221,1652.101,0.508806477,0.491193523,1574.937,1670.385,1579.587811,1610.613578,Donovan McNabb,Eli Manning,163.5708322,117.1159035,14.54572858,9.784981565,0.541746638,0.458253362,229.7824926,132.5806259,170.1919982,118.6623758,1559.914202,1630.287187,31,36
27-11-08,2008,0,,PHI,ARI,1541.453,1543.137,0.590123561,0.409876439,1568.284,1516.305,1521.501259,1528.808076,Donovan McNabb,Kurt Warner,123.2095447,218.0472521,-7.523398798,38.37727153,0.5145946,0.4854054,353.6423794,121.2218834,146.2528282,208.3647152,1554.041288,1496.268047,48,20
15-12-08,2008,0,,PHI,CLE,1602.059,1439.269,0.7877247,0.2122753,1613.772,1427.556,1586.645356,1419.597892,Donovan McNabb,Ken Dorsey,151.720411,37.1179746,6.889483631,-33.82903941,0.820669678,0.179330322,222.0216131,-97.92889313,158.7505312,23.61328782,1596.394099,1409.84915,30,10
28-12-08,2008,0,,PHI,DAL,1588.076,1579.935,0.603730517,0.396269483,1616.177,1551.834,1568.773435,1574.896909,Donovan McNabb,Tony Romo,152.5211725,155.9113421,6.442386709,27.25043181,0.547810537,0.452189463,232.2718248,9.555227908,160.4962377,141.2757307,1601.411536,1542.258807,44,6
20-09-09,2009,0,,PHI,NO,1636.35,1527.381,0.731342797,0.268657203,1584.002,1579.729,1603.64924,1540.040483,Kevin Kolb,Drew Brees,97.03188,249.8073482,-64.36530232,27.9553176,0.54397956,0.45602044,165.8937862,304.9049237,103.9180706,255.3171057,1567.285445,1576.404278,22,48
27-09-09,2009,0,,PHI,KC,1584.002,1338.249,0.856784761,0.143215239,1591.644,1330.608,1567.285445,1366.926667,Kevin Kolb,Matt Cassel,103.9180706,113.5067358,-57.7039419,38.84352206,0.718681751,0.281318249,371.4865149,108.551737,130.674915,113.0112359,1583.233873,1350.978239,34,14
11-10-09,2009,0,,PHI,TB,1591.644,1404.693,0.810051761,0.189948239,1601.855,1394.482,1583.233873,1385.771422,Donovan McNabb,Josh Johnson,170.4709745,40.29371356,-1.644263175,-50.54647144,0.869892626,0.130107374,301.6633917,51.29386895,183.5902162,41.3937291,1590.012252,1378.993044,33,14
01-11-09,2009,0,,PHI,NYG,1594.045,1593.703,0.592941489,0.407058511,1619.171,1568.576,1581.699894,1582.325602,Donovan McNabb,Eli Manning,150.3090181,112.7139459,-11.58614509,4.374383473,0.555542769,0.444457231,291.3023249,77.76062881,164.4083488,109.2186142,1609.461036,1554.56446,40,17
08-11-09,2009,0,,PHI,DAL,1619.171,1596.295,0.623834269,0.376165731,1598.255,1617.211,1609.461036,1590.383136,Donovan McNabb,Tony Romo,164.4083488,163.2557429,-3.957172493,17.60836327,0.582376913,0.417623087,-17.56924938,103.2438716,146.2105889,157.2545558,1590.209538,1609.634634,16,20
29-11-09,2009,0,,PHI,WSH,1592.361,1422.987,0.793993115,0.206006885,1597.523,1417.825,1585.436348,1429.122774,Donovan McNabb,Jason Campbell,160.118317,96.68190761,-5.049493056,-5.865283093,0.772720094,0.227279906,112.5699805,170.6685907,155.3634834,104.0805759,1591.182626,1423.376496,27,24
20-12-09,2009,0,,PHI,SF,1651.845,1482.824,0.793660541,0.206339459,1661.946,1472.723,1643.833664,1499.11251,Donovan McNabb,Alex Smith,154.7987247,69.8023587,-6.667309308,-9.187416846,0.772453415,0.227546585,187.4394914,-91.299324,158.0628014,53.69219043,1655.073103,1487.873071,27,13
27-12-09,2009,0,,PHI,DEN,1661.946,1513.229,0.773863018,0.226136982,1667.661,1507.514,1655.073103,1513.554908,Donovan McNabb,Kyle Orton,158.0628014,122.5899158,-4.70190551,9.385221211,0.747722842,0.252277158,219.6998711,162.5704141,164.2265084,126.5879656,1661.515037,1507.112974,30,27
12-09-10,2010,0,,PHI,GB,1577.744,1571.948,0.60049656,0.39950344,1551.939,1597.752,1537.321214,1561.10532,Kevin Kolb,Aaron Rodgers,130.674915,197.3318025,-3.108612828,10.33400467,0.529757784,0.470242216,-68.71872417,34.47141326,110.7355511,181.0457636,1515.079914,1583.34662,20,27
03-10-10,2010,0,,PHI,WSH,1585.954,1410.363,0.799785316,0.200214684,1553.775,1442.543,1557.129912,1436.647444,Michael Vick,Donovan McNabb,127.4531252,149.2490595,-5.383792412,11.64626228,0.713970192,0.286029808,47.89660906,83.42942684,119.4974736,142.6670962,1529.552736,1464.224619,12,17
17-10-10,2010,0,,PHI,ATL,1564.747,1597.626,0.546094581,0.453905419,1588.977,1573.396,1543.362881,1598.480587,Kevin Kolb,Matt Ryan,114.7283727,121.3970969,-14.9652227,2.857919236,0.478018124,0.521981876,319.3774397,103.7793073,135.1932794,119.6353179,1571.83173,1570.011738,31,17
07-11-10,2010,0,,PHI,IND,1565.462,1639.413,0.487121325,0.512878675,1576.778,1628.098,1544.448156,1626.927616,Michael Vick,Peyton Manning,119.4974736,237.7790071,-16.10563528,10.92433126,0.460972864,0.539027136,257.8053215,78.36921051,133.3282584,221.8380274,1556.439913,1614.935859,26,24
21-11-10,2010,0,,PHI,NYG,1603.244,1554.396,0.658217706,0.341782294,1618.829,1538.811,1588.523528,1555.790358,Michael Vick,Eli Manning,180.5052505,170.469018,15.62278298,21.20894357,0.616528811,0.383471189,198.5565276,86.9837821,182.3103782,162.1204944,1606.249378,1538.064508,27,17
02-12-10,2010,0,,PHI,HOU,1601.415,1495.472,0.727906532,0.272093468,1613.523,1483.364,1588.720777,1483.394972,Michael Vick,Matt Schaub,188.7479742,162.9897862,18.17579533,1.057389535,0.741238709,0.258761291,307.6662452,212.2880351,200.6398013,167.9196111,1600.178289,1471.93746,34,24
28-12-10,2010,0,,PHI,MIN,1648.635,1459.731,0.811775575,0.188224425,1604.625,1503.741,1632.383177,1463.1383,Michael Vick,Joe Webb,218.9117801,23.12442,30.25141046,-78.00218633,0.873989425,0.126010575,142.2668936,178.6735591,211.2472915,38.67933391,1582.901363,1512.620114,14,24
02-01-11,2010,0,,PHI,DAL,1604.625,1501.021,0.72523163,0.27476837,1593.737,1511.91,1582.901363,1526.54278,Kevin Kolb,Stephen McGee,128.4423727,67.55958,-57.89832319,-92.59278012,0.70495414,0.29504586,-193.2545732,71.94353038,96.2726781,67.99797504,1572.406846,1537.037297,13,14
09-01-11,2010,0,w,PHI,GB,1593.737,1646.776,0.517206466,0.482793534,1575.101,1665.411,1572.406846,1632.967162,Michael Vick,Aaron Rodgers,211.2472915,219.6797724,43.88635906,17.10687962,0.541605997,0.458394003,211.3600021,190.4690045,211.2585625,216.7586956,1552.739236,1652.634772,16,21
25-09-11,2011,0,,PHI,NYG,1560.895,1520.027,0.64780967,0.35219033,1524.975,1555.948,1584.086536,1530.390814,Michael Vick,Eli Manning,195.203609,124.5364213,13.97584361,-4.833131422,0.676107498,0.323892502,97.25669912,254.0756313,185.408918,137.4903423,1546.1991,1568.278249,16,29
02-10-11,2011,0,,PHI,SF,1524.975,1490.787,0.638987435,0.361012565,1515.698,1500.064,1546.1991,1498.704013,Michael Vick,Alex Smith,185.408918,94.44902111,8.379705935,-1.938932816,0.669833133,0.330166867,402.2764125,196.6325769,207.0956674,104.6673767,1536.363838,1508.539275,23,24
30-10-11,2011,0,,PHI,DAL,1522.743,1512.999,0.605936003,0.394063997,1548.142,1487.6,1536.936202,1532.896744,Michael Vick,Tony Romo,209.8777039,170.3321064,18.1986994,7.603796309,0.639918917,0.360081083,282.9087626,7.157172396,217.1808098,154.014613,1559.891218,1509.941729,34,7
07-11-11,2011,0,,PHI,CHI,1548.142,1561.682,0.573520058,0.426479942,1525.287,1584.537,1559.891218,1550.973816,Michael Vick,Jay Cutler,217.1808098,93.04226341,20.94031737,-0.983147866,0.590377659,0.409622341,83.27677666,209.0689639,203.7904065,104.6449335,1536.231902,1574.633131,24,30
13-11-11,2011,0,,PHI,ARI,1525.287,1362.353,0.787863276,0.212136724,1496.996,1390.645,1536.231902,1389.490496,Michael Vick,John Skelton,203.7904065,39.62768393,13.19809984,-38.0456349,0.818226232,0.181773768,8.379913361,110.5535763,184.2493572,46.72027317,1506.343827,1419.378572,17,21
27-11-11,2011,0,,PHI,NE,1526.301,1688.63,0.363484813,0.636515187,1505.803,1709.128,1540.390213,1670.817337,Vince Young,Tom Brady,112.0997885,229.1253311,-64.85067502,11.43411835,0.295779252,0.704220748,221.6814129,418.1222135,123.057951,248.0250193,1524.088757,1687.118793,20,38
18-12-11,2011,0,,PHI,NYJ,1512.853,1604.12,0.462270605,0.537729395,1548.727,1568.246,1530.985052,1590.374865,Michael Vick,Mark Sanchez,165.8265417,120.699517,5.666082949,6.185874338,0.493425982,0.506574018,316.2176033,-27.13420252,180.8656479,105.916145,1564.446241,1556.913675,45,19
01-01-12,2011,0,,PHI,WSH,1578.701,1388.679,0.812756955,0.187243045,1589.503,1377.877,1594.172473,1397.794337,Michael Vick,Rex Grossman,183.3709753,71.65630021,13.50987901,-3.68408524,0.82471795,0.17528205,247.1531722,92.75016266,189.749195,73.76568645,1604.227158,1387.739652,34,10
16-09-12,2012,0,,PHI,BAL,1566.411,1621.675,0.514007564,0.485992436,1573.118,1614.968,1580.380465,1604.767651,Michael Vick,Joe Flacco,159.7451463,127.0429914,-1.601266418,6.397844441,0.533006454,0.466993546,300.219052,85.25521381,173.7925369,122.8642137,1586.787479,1598.360636,24,23
30-09-12,2012,0,,PHI,NYG,1541.532,1612.368,0.491602111,0.508397889,1552.732,1601.168,1555.18661,1574.781079,Michael Vick,Eli Manning,154.1083328,197.3176738,-4.614734469,14.29577597,0.524210387,0.475789613,230.6686034,244.4499593,161.7643599,202.0309023,1565.561379,1564.406309,19,17
14-10-12,2012,0,,PHI,DET,1544.209,1475.164,0.683872319,0.316127681,1524.017,1495.355,1557.755133,1481.978617,Michael Vick,Matthew Stafford,161.4130157,188.1972402,-0.703857063,5.390563383,0.64199445,0.35800555,176.5822942,205.3270532,162.9299436,189.9102215,1539.094711,1500.639038,23,26
28-10-12,2012,0,,PHI,ATL,1524.017,1644.859,0.42032183,0.57967817,1502.382,1666.495,1539.094711,1639.819656,Michael Vick,Matt Ryan,162.9299436,180.0207581,0.089799716,10.3658589,0.423828591,0.576171409,143.1448981,322.0821037,160.951439,194.2268927,1517.254133,1661.660235,17,30
11-11-12,2012,0,,PHI,DAL,1483.354,1464.984,0.61772811,0.38227189,1447.75,1500.587,1494.158286,1476.221656,Michael Vick,Tony Romo,143.6653456,163.4953705,-9.501792167,3.246903088,0.593082408,0.406917592,86.33024503,162.6800401,137.9318355,163.4138375,1460.262516,1510.117426,23,38
26-11-12,2012,0,,PHI,CAR,1417.395,1392.693,0.626297675,0.373702325,1388.703,1421.386,1439.945285,1391.394494,Nick Foles,Cam Newton,48.24037364,141.5185309,-85.15952361,-7.496760371,0.539756195,0.460243805,74.63041641,374.0187687,50.87937792,164.7685547,1415.923696,1415.416083,22,30
13-12-12,2012,0,,PHI,CIN,1396.518,1537.527,0.392326584,0.607673416,1373.074,1560.971,1427.960646,1526.339894,Nick Foles,Andy Dalton,81.81446854,131.5475881,-56.68807629,3.557649258,0.357792597,0.642207403,57.75511397,-51.98022927,79.40853308,113.1948064,1406.81817,1547.48237,13,34
23-12-12,2012,0,,PHI,WSH,1373.074,1521.413,0.382314031,0.617685969,1357.755,1536.732,1406.81817,1513.644608,Nick Foles,Robert Griffin,79.40853308,211.2659625,-55.0566402,30.82852464,0.312144635,0.687855365,115.0358142,128.2410495,82.97126119,202.9634712,1394.598798,1525.863981,20,27
15-09-13,2013,0,,PHI,LAC,1432.053,1477.246,0.528473724,0.471526276,1417.267,1492.032,1484.676716,1471.79993,Michael Vick,Philip Rivers,143.9492146,114.9613414,6.576505782,-2.847585829,0.622333591,0.377666409,416.8557499,454.9853279,171.2398682,148.96374,1466.713513,1489.763133,30,33
19-09-13,2013,0,,PHI,KC,1417.267,1401.99,0.613514977,0.386485023,1386.73,1432.527,1466.713513,1473.040902,Michael Vick,Alex Smith,171.2398682,138.7139001,19.89300726,23.62515683,0.57014401,0.42985599,43.96245249,54.45090255,158.5121266,130.2876004,1438.746886,1501.007529,16,26
20-10-13,2013,0,,PHI,DAL,1451.495,1510.682,0.508364799,0.491635201,1423.889,1538.288,1495.407356,1528.64106,Nick Foles,Tony Romo,110.7128664,198.6911748,-44.72910601,14.46132395,0.453837446,0.546162554,-100.5518906,60.18368308,89.58639073,184.8404256,1471.181301,1552.867116,3,17
27-10-13,2013,0,,PHI,NYG,1423.889,1434.077,0.578232845,0.421767155,1397.829,1460.136,1471.181301,1431.708479,Michael Vick,Eli Manning,153.5967554,84.22976669,10.95447607,-25.47389769,0.680374248,0.319625752,-68.48821505,126.9249222,131.3882583,88.49928224,1439.38582,1463.503959,7,15
17-11-13,2013,0,,PHI,WSH,1488.193,1456.462,0.635718375,0.364281625,1503.527,1441.128,1519.148187,1452.287786,Nick Foles,Robert Griffin,146.8683791,164.0516945,-10.89645892,0.137693787,0.654886128,0.345113872,237.9051992,85.5386094,155.9720611,156.200386,1533.58385,1437.852123,24,16
01-12-13,2013,0,,PHI,ARI,1503.527,1524.7,0.562739696,0.437260304,1515.413,1512.814,1533.58385,1517.773284,Nick Foles,Carson Palmer,155.9720611,127.6932795,-5.799794969,15.96124844,0.616410405,0.383589595,173.8557013,63.46585588,157.7604251,121.2705371,1543.835245,1507.52189,24,21
08-12-13,2013,0,,PHI,DET,1515.413,1510.359,0.599471436,0.400528564,1536.437,1489.335,1543.835245,1511.832832,Nick Foles,Matthew Stafford,157.7604251,191.5199117,-4.615623211,6.00631692,0.610614564,0.389385436,152.6369791,8.026377712,157.2480805,173.1705583,1564.201249,1491.466828,34,20
22-12-13,2013,0,,PHI,CHI,1503.525,1546.677,0.531400421,0.468599579,1538.642,1511.561,1526.369307,1548.264511,Nick Foles,Jay Cutler,170.8197158,133.5755588,2.376854004,-23.26396105,0.587457714,0.412542286,287.118187,5.410370048,182.4495629,120.75904,1556.744289,1517.889529,54,11
04-01-14,2013,0,w,PHI,NO,1551.032,1609.218,0.509804877,0.490195123,1539.795,1620.454,1566.365575,1602.494486,Nick Foles,Drew Brees,170.0495898,263.724288,1.469301557,9.242952085,0.526653516,0.473346484,199.1836851,78.82180384,172.9629993,245.2340396,1554.695477,1614.164585,24,26
07-09-14,2014,0,,PHI,JAX,1528.197,1361.082,0.791857968,0.208142032,1539.081,1350.198,1537.903439,1369.407222,Nick Foles,Chad Henne,163.4802719,97.83826922,1.687534429,3.931052281,0.784324496,0.215675504,104.9277152,161.5717815,157.6250163,104.2116204,1549.217664,1358.092998,34,17
21-09-14,2014,0,,PHI,WSH,1555.509,1403.194,0.777466983,0.222533017,1561.124,1397.579,1565.820634,1453.718129,Nick Foles,Kirk Cousins,163.3519306,72.1908873,1.60521054,-52.95631885,0.782214868,0.217785132,378.4096446,357.3976416,184.857702,100.7115627,1571.305182,1448.233581,37,34
05-10-14,2014,0,,PHI,LAR,1549.189,1463.938,0.703686365,0.296313635,1559.984,1453.143,1556.859568,1442.302082,Nick Foles,Austin Davis,161.6258999,39.13309761,0.048042863,-89.48388231,0.796755267,0.203244733,200.9788709,284.4621882,165.561197,63.66600667,1563.999299,1435.162352,34,28
12-10-14,2014,0,,PHI,NYG,1559.984,1516.267,0.651542273,0.348457727,1582.113,1494.138,1563.999299,1524.064059,Nick Foles,Eli Manning,165.561197,107.7014796,2.013289273,15.46124624,0.615630561,0.384369439,142.0964134,-91.14092612,163.2147186,87.81723899,1588.696638,1499.366719,27,0
10-11-14,2014,0,,PHI,CAR,1588.904,1483.445,0.727354365,0.272645635,1605.194,1467.155,1594.490441,1440.816322,Mark Sanchez,Cam Newton,47.30424064,126.5892401,-112.4414181,26.70526737,0.566272323,0.433727677,212.0611599,-91.87434197,63.77993256,104.7428819,1621.836943,1413.46982,45,21
23-11-14,2014,0,,PHI,TEN,1574.194,1364.639,0.829270452,0.170729548,1583.289,1355.545,1604.358055,1384.052592,Mark Sanchez,Zach Mettenberger,68.90111942,55.4092057,-91.09183276,-52.55126926,0.798772166,0.201227834,151.9131692,62.89573154,77.2023244,56.15785828,1615.23092,1373.179728,43,24
07-12-14,2014,0,,PHI,SEA,1621.36,1698.6,0.482392508,0.517607492,1598.353,1721.606,1660.968379,1666.530495,Mark Sanchez,Russell Wilson,94.124742,180.4015163,-69.8060979,10.95445397,0.468650221,0.531349779,21.86946588,310.6086411,86.89921439,193.4222288,1638.713549,1688.785324,14,24
14-12-14,2014,0,,PHI,DAL,1598.353,1563.16,0.640320914,0.359679086,1565.012,1596.502,1638.713549,1556.177558,Mark Sanchez,Tony Romo,86.89921439,172.8884726,-69.92855681,13.95019136,0.583978929,0.416021071,-65.34233616,229.6878815,71.67505933,178.5684135,1608.892319,1585.998789,27,38
20-09-15,2015,0,,PHI,DAL,1533.018411,1593.364503,0.506697113,0.493302887,1508.666765,1617.716149,1566.583898,1571.315344,Sam Bradford,Tony Romo,145.9899225,205.0273164,0.451152843,17.01868647,0.555829165,0.444170835,80.69632715,90.16535257,139.4605629,193.54112,1539.446968,1598.452274,10,20
11-10-15,2015,0,,PHI,NO,1515.313718,1452.050387,0.676633429,0.323366571,1534.474874,1432.889231,1545.983228,1468.256154,Sam Bradford,Drew Brees,131.6006484,207.2474823,-6.267999362,-0.289493167,0.680195582,0.319804418,246.9249265,110.0678514,143.1330762,197.5295192,1564.91025,1449.329132,39,17
19-10-15,2015,0,,PHI,NYG,1534.474874,1523.266577,0.607946893,0.392053107,1557.547911,1500.19354,1564.91025,1526.060367,Sam Bradford,Eli Manning,143.1330762,213.3745052,-0.188385487,29.98128634,0.59110545,0.40889455,44.39927659,22.27956239,133.2596962,194.2650109,1589.103969,1501.866647,27,7
15-11-15,2015,0,,PHI,MIA,1562.868165,1452.242545,0.73321235,0.26678765,1551.821859,1463.288852,1584.158641,1470.525903,Sam Bradford,Ryan Tannehill,126.852954,151.4721545,-7.375353139,0.759871251,0.7205327,0.2794673,121.4629288,96.74859539,126.3139515,145.9997985,1573.362541,1481.322004,19,20
22-11-15,2015,0,,PHI,TB,1551.821859,1374.633743,0.801253441,0.198746559,1491.185531,1435.270072,1573.362541,1395.09521,Mark Sanchez,Jameis Winston,109.2994787,125.1342957,-24.29055954,8.15257557,0.764469322,0.235530678,47.15669813,332.3227319,103.0852007,145.8531393,1516.601843,1451.855908,17,45
13-12-15,2015,0,,PHI,BUF,1501.707439,1530.921141,0.551319265,0.448680735,1513.948393,1518.680187,1521.657841,1549.422821,Sam Bradford,Tyrod Taylor,126.4331689,137.2451572,0.396671642,-1.069227653,0.542773504,0.457226496,128.0007343,170.122956,126.5899255,140.5329371,1534.165459,1536.915203,23,20
20-12-15,2015,0,,PHI,ARI,1513.948393,1687.288049,0.348951047,0.651048953,1492.809672,1708.426771,1534.165459,1652.732762,Sam Bradford,Carson Palmer,126.5899255,214.1654202,0.455216328,29.22392679,0.38143723,0.61856277,221.782194,159.0766565,136.1091523,208.6565439,1510.812394,1676.085828,17,40
26-12-15,2015,0,,PHI,WSH,1492.809672,1455.974992,0.642494506,0.357505494,1456.322592,1492.462072,1510.812394,1478.845829,Sam Bradford,Kirk Cousins,136.1091523,198.801101,5.192068939,36.51591226,0.580036939,0.419963061,181.5818515,337.6969869,140.6564222,212.6906896,1478.574989,1511.083233,24,38
11-09-16,2016,0,,PHI,CLE,1487.849378,1394.516013,0.713294764,0.286705236,1503.873937,1378.491453,1457.737485,1368.105906,Carson Wentz,Robert Griffin,112.44816,109.4435821,-10.20659075,-1.924410053,0.688513477,0.311486523,193.5880644,-0.155114291,120.5621504,98.48371248,1475.300116,1350.543275,29,10
25-09-16,2016,0,,PHI,PIT,1530.769911,1634.809674,0.444052531,0.555947469,1570.00143,1595.578155,1505.999472,1630.106705,Carson Wentz,Ben Roethlisberger,119.0319271,203.7029998,-6.122414339,11.30012387,0.379389059,0.620610941,346.7706081,4.755536526,141.8057952,183.8082534,1550.75623,1585.349947,34,3
23-10-16,2016,0,,PHI,MIN,1541.872674,1652.582424,0.434595309,0.565404691,1570.568448,1623.88665,1521.704879,1625.561409,Carson Wentz,Sam Bradford,124.3250806,173.4647138,-3.773466109,35.61278333,0.34769412,0.65230588,51.77269325,-24.63965526,117.0698419,153.6542769,1555.818094,1591.448193,21,10
13-11-16,2016,0,,PHI,ATL,1536.86887,1576.0941,0.537024978,0.462975022,1557.94276,1555.02021,1530.587135,1564.404601,Carson Wentz,Matt Ryan,113.0100568,236.1484976,-8.604273667,28.26082621,0.481262652,0.518737348,119.4320395,100.6863749,113.652255,222.6022853,1554.61816,1540.373576,24,15
28-11-16,2016,0,,PHI,GB,1545.37671,1473.741842,0.687086527,0.312913473,1505.69917,1513.419381,1541.90342,1490.494356,Carson Wentz,Aaron Rodgers,106.1098797,217.1308847,-11.23150048,23.80350999,0.605329775,0.394670225,133.5193147,399.5279428,108.8508232,235.3705905,1507.972153,1524.425623,13,27
11-12-16,2016,0,,PHI,WSH,1480.455858,1519.802954,0.536850556,0.463149444,1460.990745,1539.268067,1481.962997,1509.518201,Carson Wentz,Kirk Cousins,107.1934309,249.6957002,-9.663177154,28.1137747,0.485789605,0.514210395,123.8664907,128.5914128,108.8607369,237.5852714,1464.632441,1526.848756,22,27
22-12-16,2016,0,,PHI,NYG,1456.518298,1556.485142,0.449847881,0.550152119,1476.551512,1536.451929,1460.659892,1577.796402,Carson Wentz,Eli Manning,102.7833986,147.2556259,-10.96771618,-10.55659303,0.411422305,0.588577695,132.7041788,130.4852734,105.7754766,145.5785907,1482.365423,1556.090871,24,19
01-01-17,2016,0,,PHI,DAL,1476.551512,1655.388965,0.341795953,0.658204047,1514.145794,1617.794683,1482.365423,1664.112447,Carson Wentz,Dak Prescott,105.7754766,192.2389562,-8.923291364,32.94873346,0.280820318,0.719179682,209.9804688,22.05310352,116.1959759,175.2203709,1524.441311,1622.03656,27,13
24-09-17,2017,0,,PHI,NYG,1532.47516,1479.365438,0.663715086,0.336284914,1541.323902,1470.516696,1533.855821,1488.33935,Carson Wentz,Eli Manning,138.9411759,121.9113582,4.100204527,-12.07661886,0.662332267,0.337667733,136.7905247,353.270891,138.7261108,145.0473114,1542.745073,1479.450099,27,24
08-10-17,2017,0,,PHI,ARI,1549.869753,1505.727213,0.652098212,0.347901788,1571.959474,1483.637492,1551.639611,1494.785941,Carson Wentz,Carson Palmer,141.5479328,126.5319268,5.009189666,-11.28295807,0.686916556,0.313083444,322.005883,191.8063147,159.5937278,133.0593656,1571.285835,1475.139717,34,7
23-10-17,2017,0,,PHI,WSH,1592.744968,1519.663074,0.688874616,0.311125384,1606.784694,1505.623348,1591.56251,1505.412227,Carson Wentz,Kirk Cousins,162.5106882,234.9711645,14.55102647,15.79159868,0.721500414,0.278499586,333.6208186,254.6920579,179.6217012,236.9432538,1603.985019,1492.989719,34,24
29-10-17,2017,0,,PHI,SF,1606.784694,1287.191422,0.901490529,0.098509471,1612.114356,1281.86176,1603.985019,1302.393267,Carson Wentz,C.J. Beathard,179.6217012,69.58386908,22.37898167,-49.71538395,0.925926574,0.074073426,63.9137464,-57.70054636,168.0509057,56.85542754,1607.910343,1298.467942,33,10
05-11-17,2017,0,,PHI,DEN,1612.114356,1489.121322,0.746905341,0.253094659,1627.817401,1473.418277,1607.910343,1464.898641,Carson Wentz,Brock Osweiler,168.0509057,96.70709147,15.47463484,4.209518112,0.775745098,0.224254902,275.2366903,-40.41839016,178.7694842,82.99454331,1621.665088,1451.143897,51,23
26-11-17,2017,0,,PHI,CHI,1663.982543,1390.726173,0.875136659,0.124863341,1671.270964,1383.437753,1651.685591,1393.788394,Carson Wentz,Mitchell Trubisky,176.6457136,94.54383505,17.99529744,-4.267947709,0.874860708,0.125139292,305.9728204,-46.58510306,189.5784243,80.43094124,1658.99138,1386.482604,31,3
25-12-17,2017,0,,PHI,OAK,1672.671385,1468.842167,0.824553139,0.175446861,1679.871227,1461.642325,1664.133677,1465.986007,Nick Foles,Derek Carr,125.9356709,166.914943,-54.26761977,1.938407101,0.767003701,0.232996299,-6.133947052,-11.79187435,112.7287091,149.0442613,1673.940876,1456.178807,19,10
31-12-17,2017,0,,PHI,DAL,1679.871227,1535.248978,0.769711459,0.230288541,1646.760562,1568.359643,1673.940876,1527.036308,Nick Foles,Dak Prescott,112.7287091,147.4667421,-58.15771968,-13.73845712,0.718455118,0.281544882,-66.83483534,161.5599147,94.77235467,148.8760594,1643.746309,1557.230875,0,6
13-01-18,2017,0,d,PHI,ATL,1646.760562,1663.578159,0.568898925,0.431101075,1661.878061,1648.46066,1643.746309,1652.96598,Nick Foles,Matt Ryan,94.77235467,186.3806065,-64.22801092,-17.67579527,0.546294969,0.453705031,171.0557341,121.2430247,102.4006926,179.8668483,1659.769939,1636.94235,15,10
21-01-18,2017,0,c,PHI,MIN,1661.878061,1680.238577,0.566719328,0.433280672,1691.287319,1650.829319,1659.769939,1691.848249,Nick Foles,Case Keenum,102.4006926,171.5450513,-57.2024414,-11.11655339,0.466851752,0.533148248,430.5124552,120.6143238,135.2118689,166.4519785,1697.116549,1654.501639,38,7
06-09-18,2018,0,,PHI,ATL,1646.78633,1600.64044,0.654709871,0.345290129,1659.578148,1587.848622,1616.495559,1569.750522,Nick Foles,Matt Ryan,157.0051214,179.8668483,-5.501989011,-1.787009868,0.640974895,0.359025105,-48.73506734,-32.858912,136.4311025,158.5942723,1629.856678,1556.389403,18,12
23-09-18,2018,0,,PHI,IND,1634.163172,1424.44551,0.829402982,0.170597018,1639.04489,1419.563792,1606.423936,1453.286919,Carson Wentz,Andrew Luck,191.8406661,192.9857307,35.5927845,27.14522165,0.779061264,0.220938736,71.05300961,166.2780372,179.7619005,190.3149613,1612.892044,1446.818811,20,16
07-10-18,2018,0,,PHI,MIN,1621.945412,1540.906796,0.698605433,0.301394567,1605.504087,1557.348121,1596.155811,1535.887012,Carson Wentz,Kirk Cousins,186.3381957,206.6295488,29.67322194,18.81479281,0.678902795,0.321097205,262.5573362,278.9452161,193.9601098,213.8611156,1580.30145,1551.741373,21,23
21-10-18,2018,0,,PHI,CAR,1622.400289,1551.142941,0.686619106,0.313380894,1598.83964,1574.70359,1598.63311,1528.029887,Carson Wentz,Cam Newton,208.6331515,197.507794,37.73701281,18.23799615,0.699646135,0.300353865,263.7696102,284.225781,214.1467973,206.1795927,1574.501025,1552.161972,17,21
11-11-18,2018,0,,PHI,DAL,1611.20416,1490.048613,0.744900591,0.255099409,1577.360931,1523.891842,1585.829472,1482.142803,Carson Wentz,Dak Prescott,216.5014755,145.5329884,37.85397494,-2.253968936,0.788935104,0.211064896,280.8199129,200.3831386,222.9333192,151.0180035,1549.20553,1518.766745,20,27
25-11-18,2018,0,,PHI,NYG,1559.398664,1385.560056,0.798165118,0.201834882,1564.446687,1380.512033,1531.056578,1405.338182,Carson Wentz,Eli Manning,187.0505535,129.0200863,19.2769553,0.818696104,0.759240003,0.240759997,135.4765902,154.5607982,181.8931572,131.5741575,1537.176818,1399.217942,25,22
03-12-18,2018,0,,PHI,WSH,1564.446687,1487.724845,0.693347578,0.306652422,1580.421994,1471.749538,1537.176818,1496.993376,Carson Wentz,Colt McCoy,181.8931572,102.0125465,15.73440937,-60.91497234,0.700117501,0.299882499,249.4045014,-0.381673218,188.6442916,91.77312452,1552.762395,1481.407799,28,13
23-12-18,2018,0,,PHI,HOU,1595.769229,1542.444387,0.663991422,0.336008578,1602.775278,1535.438338,1571.415635,1573.258636,Nick Foles,Deshaun Watson,151.79625,184.668234,-22.45569506,14.17467086,0.531483466,0.468516534,450.0379477,405.024079,181.6204198,206.7038185,1581.608503,1563.065768,32,30
08-09-19,2019,0,,PHI,WSH,1581.513559,1441.021792,0.765469854,0.234530146,1589.200034,1433.335317,1583.233048,1423.636541,Carson Wentz,Case Keenum,183.5091928,139.224134,2.60080341,3.412303396,0.77438955,0.22561045,355.544272,364.2890062,200.7127007,161.7306212,1590.600395,1416.269194,32,27
22-09-19,2019,0,,PHI,DET,1571.763505,1504.718793,0.681377716,0.318622284,1551.665409,1524.816889,1572.628784,1479.975307,Carson Wentz,Matthew Stafford,185.4589099,163.5696012,2.891995949,6.216640697,0.69868388,0.30131612,192.3763459,132.5200956,186.1506535,160.4646507,1551.879159,1500.724932,24,27
06-10-19,2019,0,,PHI,NYJ,1574.913102,1340.901259,0.848289842,0.151710158,1583.615981,1332.198379,1578.052897,1409.274276,Carson Wentz,Luke Falk,191.1569081,10.84562391,5.441731851,-86.46520521,0.860469687,0.139530313,113.3383688,-314.0698462,183.3750542,-21.6459231,1586.002948,1401.324225,31,6
03-11-19,2019,0,,PHI,CHI,1564.172498,1544.537534,0.619446135,0.380553865,1580.276227,1528.433805,1565.807513,1532.154242,Carson Wentz,Mitchell Trubisky,179.4551501,136.4142119,-0.961047576,-7.307020164,0.636951767,0.363048233,162.8004738,-19.21528631,177.7896824,120.851262,1581.083394,1516.878361,22,14
17-11-19,2019,0,,PHI,NE,1580.276227,1691.396396,0.434014864,0.565985136,1562.596685,1709.075938,1581.083394,1688.639674,Carson Wentz,Tom Brady,177.7896824,208.6505853,-1.745729012,-1.317627564,0.425763555,0.574236445,97.43318877,81.04176902,169.7540331,195.8897036,1563.785012,1705.938056,10,17
24-11-19,2019,0,,PHI,SEA,1562.596685,1601.796914,0.537060759,0.462939241,1538.715767,1625.677832,1563.785012,1569.105933,Carson Wentz,Russell Wilson,169.7540331,229.9464945,-5.676267245,19.79068608,0.512549506,0.487450494,127.6456968,-41.51402842,165.5431994,202.8004422,1541.171632,1591.719314,9,17
09-12-19,2019,0,,PHI,NYG,1509.824081,1305.681259,0.824814143,0.175185857,1515.89883,1299.60651,1511.868812,1311.766223,Carson Wentz,Eli Manning,167.6017593,141.6737315,-6.093697213,4.475261426,0.803704912,0.196295088,221.009807,114.0698568,172.9425641,138.9133441,1518.743108,1304.891926,23,17
22-12-19,2019,0,,PHI,DAL,1532.390545,1554.960475,0.560760018,0.439239982,1551.327497,1536.023522,1531.721256,1533.826378,Carson Wentz,Dak Prescott,184.8308712,241.7408405,2.981474088,19.7829142,0.559226538,0.440773462,319.5384979,115.7028133,198.3016339,229.1370378,1550.733487,1514.814147,17,9
05-01-20,2019,0,w,PHI,SEA,1568.475355,1551.1789,0.616267749,0.383732251,1540.341361,1579.312894,1567.090802,1530.153259,Carson Wentz,Russell Wilson,196.3592208,175.0971236,8.118186107,-8.287677377,0.692983025,0.307016975,-57.01955953,285.1135565,171.0213428,186.0987669,1534.54591,1562.698151,9,17
<<<<<<< HEAD
=======
10-09-06,2006,0,,HOU,PHI,1378.1,1454.124,0.484140511,0.515859489,1352.009,1480.215,1390.485958,1508.210193,David Carr,Donovan McNabb,53.71764598,132.0802913,-3.650102596,10.52773003,0.398500215,0.601499785,97.37660685,268.1058649,58.08354207,145.6828487,1369.582369,1529.113782,10,24
24-09-06,2006,0,,SF,PHI,1380.589,1458.293,0.481725618,0.518274382,1354.648,1484.234,1386.268702,1504.240776,Alex Smith,Donovan McNabb,42.81233615,164.2002715,8.873101534,25.22120253,0.40165327,0.59834673,195.9065931,142.1219651,58.12176185,161.9924409,1365.178529,1525.330948,24,38
15-10-06,2006,0,,NO,PHI,1480.246,1527.457,0.525578082,0.474421918,1493.295,1514.408,1502.213801,1561.811023,Drew Brees,Donovan McNabb,146.1773697,185.7115705,19.97089869,32.13462398,0.482148488,0.517851512,253.1447813,102.0972753,156.8741108,177.350141,1516.653143,1547.371681,27,24
22-10-06,2006,0,,TB,PHI,1448.499,1514.408,0.498691847,0.501308153,1459.519,1503.389,1446.618498,1547.371681,Bruce Gradkowski,Donovan McNabb,49.39863269,177.350141,-30.97687774,26.34717802,0.36076242,0.63923758,-3.192964436,277.7624336,44.13947298,187.3913702,1461.328448,1532.661732,23,21
26-11-06,2006,0,,IND,PHI,1701.661,1457.694,0.855518596,0.144481404,1709.817,1449.538,1697.057644,1476.057263,Peyton Manning,Jeff Garcia,210.4990236,90.51396903,13.21816536,-51.7248032,0.87826169,0.12173831,138.0313868,211.0167492,203.2522599,102.5642471,1703.837028,1469.27788,45,21
10-12-06,2006,0,,WSH,PHI,1441.316,1464.286,0.560192693,0.439807307,1428.767,1476.834,1446.185094,1484.769543,Jason Campbell,Jeff Garcia,92.01789349,121.7769092,4.723416093,-31.35142175,0.575610303,0.424389697,62.09621494,172.4030984,89.02572563,126.8395281,1433.225762,1497.728875,19,21
17-12-06,2006,0,,NYG,PHI,1552.555,1476.834,0.692121265,0.307878735,1512.507,1516.882,1555.001745,1497.728875,Eli Manning,Jeff Garcia,94.44103451,126.8395281,7.815668298,-27.2525412,0.700593951,0.299406049,122.4903259,129.5356613,97.24596365,127.1091414,1514.326406,1538.404215,22,36
25-12-06,2006,0,,DAL,PHI,1572.63,1516.882,0.667096346,0.332903654,1532.634,1556.877,1609.085794,1538.404215,Tony Romo,Jeff Garcia,94.40001107,127.1091414,3.82147466,-25.75510748,0.715854578,0.284145422,-5.6779743,153.549723,84.39221253,129.7531996,1565.32996,1582.160048,7,23
13-01-07,2006,0,d,NO,PHI,1527.914,1574.616,0.526308619,0.473691381,1540.939,1561.591,1521.346492,1599.594849,Drew Brees,Jeff Garcia,167.5771643,112.5613634,12.87844798,-29.1823653,0.582416805,0.417583195,124.4633816,132.2418182,163.265786,114.5294089,1532.62798,1588.313361,27,24
09-09-07,2007,0,,GB,PHI,1497.051,1542.727,0.527780831,0.472219169,1510.03,1529.748,1482.197543,1545.37408,Brett Favre,Donovan McNabb,85.29134723,150.153166,-3.443744914,7.702689387,0.476424694,0.523575306,-42.57723016,53.77545399,72.50448949,140.5153948,1496.823119,1530.748504,16,13
30-09-07,2007,0,,NYG,PHI,1469.514,1519.401,0.521735648,0.478264352,1494.585,1494.33,1471.276868,1526.006988,Eli Manning,Donovan McNabb,95.0287019,166.0496758,5.265307215,15.14898738,0.486658889,0.513341111,23.73210692,-298.3568505,87.8990424,119.6090232,1498.486283,1498.797574,16,3
14-10-07,2007,0,,NYJ,PHI,1456.802,1494.33,0.539453197,0.460546803,1434.083,1517.049,1440.337266,1498.797574,Chad Pennington,Donovan McNabb,119.5036205,119.6090232,10.60210526,-8.828788304,0.487499326,0.512500674,-57.7787024,88.30226047,101.7753882,116.4783469,1420.142491,1518.992348,9,16
28-10-07,2007,0,,MIN,PHI,1434.942,1499.913,0.500041734,0.499958266,1414.146,1520.709,1436.554408,1504.776904,Kelly Holcomb,Donovan McNabb,76.09987998,119.6732425,24.12273158,-7.857604902,0.532620147,0.467379853,21.67236365,215.2769937,70.65712834,129.2336176,1414.172427,1527.158885,16,23
11-11-07,2007,0,,WSH,PHI,1492.885,1490.117,0.596307727,0.403692273,1465.847,1517.155,1506.539606,1502.760068,Jason Campbell,Donovan McNabb,94.75009552,119.6758037,-3.211102674,-7.329217215,0.590174736,0.409825264,278.1900272,335.4256232,113.0940887,141.2507856,1479.835693,1529.463981,25,33
25-11-07,2007,0,,NE,PHI,1803.414,1525.865,0.877811887,0.122188113,1806.346,1522.933,1777.27363,1538.574073,Tom Brady,A.J. Feeley,293.567186,48.32708633,63.7467684,-77.72304627,0.924901163,0.075098837,248.3066346,188.3495992,289.0411309,62.32933761,1779.011293,1536.83641,31,28
16-12-07,2007,0,,DAL,PHI,1681.223,1488.32,0.815267735,0.184732265,1651.495,1518.047,1684.360284,1505.409644,Tony Romo,Donovan McNabb,210.1626176,117.8301797,41.6002393,-0.912828901,0.835030287,0.164969713,-193.5417407,136.932409,169.7921817,119.7404026,1653.5343,1536.235629,6,10
23-12-07,2007,0,,NO,PHI,1525.285,1518.047,0.602486259,0.397513741,1490.742,1552.591,1513.559236,1536.235629,Drew Brees,Donovan McNabb,225.1650252,119.7404026,34.72071818,0.087924007,0.601202822,0.398797178,139.3253348,272.2470309,216.5810561,134.9910655,1479.104714,1570.69015,23,38
15-09-08,2008,0,,DAL,PHI,1600.214,1559.958,0.647005482,0.352994518,1611.058,1549.115,1613.79921,1547.98741,Tony Romo,Donovan McNabb,142.2153884,160.7882371,7.774698553,17.29465064,0.661704754,0.338295246,297.9781641,183.0223822,157.791666,163.0116516,1624.140664,1537.645956,41,37
28-09-08,2008,0,,CHI,PHI,1526.52,1570.214,0.530623421,0.469376579,1541.484,1555.251,1519.884458,1558.155389,Kyle Orton,Donovan McNabb,60.8600177,154.7847094,-0.253110054,12.55107302,0.50947189,0.49052811,27.38904428,80.20548302,57.51292036,147.3267868,1535.626846,1542.413,24,20
12-10-08,2008,0,,SF,PHI,1396.815,1531.989,0.400362717,0.599637283,1375.801,1553.003,1395.645013,1519.342937,J.T. O'Sullivan,Donovan McNabb,30.67029338,144.5733621,-4.213838691,6.408117786,0.401653678,0.598346322,15.14495722,234.1689092,29.11775976,153.5329168,1374.554816,1540.433134,26,40
02-11-08,2008,0,,SEA,PHI,1472.713,1566.052,0.459307105,0.540692895,1445.544,1593.221,1467.852498,1553.639587,Seneca Wallace,Donovan McNabb,85.51743832,153.9484433,-9.544689961,10.24687804,0.441171186,0.558828814,10.21684669,250.1723322,77.98737916,163.5708322,1441.904273,1579.587811,7,26
16-11-08,2008,0,,CIN,PHI,1377.697,1574.937,0.318378274,0.681621726,1383.236,1569.398,1382.224037,1559.914202,Ryan Fitzpatrick,Donovan McNabb,19.71533959,170.1919982,-85.11677226,17.12902517,0.242436334,0.757563666,51.96802717,-33.36109082,22.94060835,149.8366893,1390.079336,1552.058903,13,13
23-11-08,2008,0,,BAL,PHI,1559.662,1569.398,0.578867271,0.421132729,1587.607,1541.453,1528.298872,1552.058903,Joe Flacco,Donovan McNabb,106.8127961,149.8366893,5.473428345,6.094919462,0.54445661,0.45554339,82.44268832,-116.4347564,104.3757853,123.2095447,1558.856516,1521.501259,36,7
07-12-08,2008,0,,NYG,PHI,1723.961,1568.284,0.780797338,0.219202662,1690.186,1602.059,1688.199923,1554.041288,Eli Manning,Donovan McNabb,134.0579331,146.2528282,16.17010073,4.374412877,0.761105589,0.238894411,99.66015889,200.9286561,130.6181557,151.720411,1655.595854,1586.645356,14,20
21-12-08,2008,0,,WSH,PHI,1479.491,1613.772,0.401597444,0.598402556,1505.187,1588.076,1457.63031,1596.394099,Jason Campbell,Donovan McNabb,103.7087705,158.7505312,-2.883495067,10.06006955,0.364920075,0.635079925,70.80696005,96.45694389,100.4185894,152.5211725,1485.250974,1568.773435,10,3
04-01-09,2008,0,w,MIN,PHI,1583.539,1616.177,0.546438439,0.453561561,1555.089,1644.627,1583.911969,1601.411536,Tarvaris Jackson,Donovan McNabb,109.5501085,160.4962377,34.28851642,10.10779999,0.611424294,0.388575706,20.65966898,156.5185392,100.6610645,160.0984678,1551.382149,1633.941356,14,26
11-01-09,2008,0,d,NYG,PHI,1664.167,1644.627,0.619317262,0.380682738,1631.127,1677.667,1638.301822,1633.941356,Eli Manning,Donovan McNabb,91.76915053,160.0984678,-6.05124139,9.403525063,0.617356038,0.382643962,19.82966595,134.698787,84.57520208,157.5584998,1605.388927,1666.854251,11,23
18-01-09,2008,0,c,ARI,PHI,1558.15,1677.667,0.422181356,0.577818644,1582.791,1653.025,1548.693309,1666.854251,Kurt Warner,Donovan McNabb,170.958276,157.5584998,7.541491176,7.66336477,0.406259446,0.593740554,368.3876632,300.6975284,190.7012148,171.8724026,1574.148998,1641.398561,32,25
13-09-09,2009,0,,CAR,PHI,1529.671,1603.684,0.487032159,0.512967841,1497.005,1636.35,1520.135114,1570.740791,Jake Delhomme,Donovan McNabb,91.04725319,171.8724026,-2.73546885,10.28895392,0.490165986,0.509834014,-226.0065355,157.8581209,59.34187432,170.4709745,1487.226665,1603.64924,10,38
18-10-09,2009,0,,OAK,PHI,1370.6,1601.855,0.277471085,0.722528915,1395.759,1576.696,1373.959015,1590.012252,JaMarcus Russell,Donovan McNabb,12.17289661,183.5902162,-30.88823768,4.997570847,0.254284499,0.745715501,64.60678772,-34.06829419,17.41628572,161.8243651,1400.191233,1563.780034,13,9
26-10-09,2009,0,,WSH,PHI,1423.835,1576.696,0.376185994,0.623814006,1406.486,1594.045,1432.892898,1563.780034,Jason Campbell,Donovan McNabb,91.17255926,161.8243651,-10.45410676,-6.135233214,0.387203354,0.612796646,124.6859146,46.67089439,94.52389479,150.3090181,1414.973039,1581.699894,17,27
15-11-09,2009,0,,LAC,PHI,1566.454,1598.255,0.547632318,0.452367682,1586.037,1578.672,1559.814003,1590.209538,Philip Rivers,Donovan McNabb,166.2538019,146.2105889,9.150479559,-12.85819378,0.580009442,0.419990558,253.1627901,305.7454722,174.9447007,162.1640773,1577.811516,1572.212025,31,23
22-11-09,2009,0,,CHI,PHI,1467.663,1578.672,0.434172069,0.565827931,1453.974,1592.361,1454.397994,1572.212025,Jay Cutler,Donovan McNabb,126.1564994,162.1640773,0.669055835,-4.238539922,0.421154072,0.578845928,86.09031675,141.7064747,122.1498811,160.118317,1441.173671,1585.436348,20,24
06-12-09,2009,0,,ATL,PHI,1540.329,1597.523,0.511231847,0.488768153,1506.137,1631.715,1534.182773,1591.182626,Chris Redman,Donovan McNabb,91.3561831,155.3634834,-15.65470925,-7.17443523,0.488742688,0.511257312,18.01653733,119.3643658,84.02221852,151.7635716,1501.726384,1623.639016,7,34
13-12-09,2009,0,,NYG,PHI,1557.092,1631.715,0.48615493,0.51384507,1536.962,1651.845,1544.744066,1623.639016,Eli Manning,Donovan McNabb,119.6906645,151.7635716,6.248025525,-8.615669347,0.487496679,0.512503321,386.9981893,182.115103,146.4214169,154.7987247,1524.549418,1643.833664,38,45
03-01-10,2009,0,,DAL,PHI,1618.344,1667.661,0.522554335,0.477445665,1648.864,1637.142,1610.824989,1661.515037,Tony Romo,Donovan McNabb,182.654559,164.2265084,21.38033587,-1.38495675,0.546393841,0.453606159,216.1366783,36.86644592,186.0027709,151.4905021,1639.604096,1632.735931,24,0
09-01-10,2009,0,w,DAL,PHI,1648.864,1637.142,0.608651487,0.391348513,1671.89,1614.116,1639.604096,1632.735931,Tony Romo,Donovan McNabb,186.0027709,151.4905021,21.98542505,-7.683712036,0.661194301,0.338805699,210.7543162,26.04710699,188.4779254,138.9461626,1659.199563,1613.140463,34,14
19-09-10,2010,0,,DET,PHI,1303.734,1551.939,0.25834031,0.74165969,1297.121,1558.551,1347.9482,1515.079914,Shaun Hill,Michael Vick,75.35770784,105.8695997,4.0694985,-17.78881559,0.37532468,0.62467532,154.5825991,154.3292396,83.28019696,110.7155637,1337.94441,1525.083703,32,35
26-09-10,2010,0,,JAX,PHI,1444.521,1558.551,0.429904851,0.570095149,1417.119,1585.954,1452.11382,1525.083703,David Garrard,Michael Vick,104.6555913,110.7155637,-4.467904638,-14.47639281,0.492896843,0.507103157,-179.9793337,278.0911789,76.19209878,127.4531252,1420.067611,1557.129912,3,28
10-10-10,2010,0,,SF,PHI,1423.708,1553.775,0.40744065,0.59255935,1412.736,1564.747,1451.220696,1529.552736,Alex Smith,Kevin Kolb,69.42773731,110.7355511,-5.745211055,-17.85435106,0.498354562,0.501645438,231.2983113,150.6637672,85.61479471,114.7283727,1437.410551,1543.362881,24,27
24-10-10,2010,0,,TEN,PHI,1586.708,1588.977,0.589308784,0.410691216,1610.223,1565.462,1570.965474,1571.83173,Kerry Collins,Kevin Kolb,65.67970988,135.1932794,-39.62137391,-3.984508217,0.530508616,0.469491384,115.9632037,67.68421203,70.70805927,128.4423727,1598.349047,1544.448156,37,19
15-11-10,2010,0,,WSH,PHI,1437.512,1576.778,0.394721206,0.605278794,1411.046,1603.244,1457.940142,1556.439913,Donovan McNabb,Michael Vick,101.5420958,133.3282584,-12.87831441,-8.384961123,0.467610597,0.532389403,68.09661661,605.0981794,98.19754787,180.5052505,1425.856528,1588.523528,28,59
28-11-10,2010,0,,CHI,PHI,1562.294,1618.829,0.512179704,0.487820296,1579.708,1601.415,1566.904321,1606.249378,Jay Cutler,Michael Vick,87.03539149,182.3103782,3.965772266,15.74420769,0.509402293,0.490597707,248.060231,246.6863387,103.1378754,188.7479742,1584.432922,1588.720777,31,26
12-12-10,2010,0,,DAL,PHI,1515.655,1613.523,0.452839748,0.547160252,1503.284,1625.894,1539.276617,1600.178289,Jon Kitna,Michael Vick,114.5667627,200.6398013,-52.50000152,23.21291911,0.391846223,0.608153777,198.4740587,134.3351787,122.9574923,194.0093391,1528.776769,1610.678138,27,30
19-12-10,2010,0,,NYG,PHI,1588.688,1625.894,0.539913674,0.460086326,1565.946,1648.635,1585.140557,1610.678138,Eli Manning,Michael Vick,138.1744557,194.0093391,2.000365371,18.73704203,0.518796046,0.481203954,236.10248,443.0337498,147.9672581,218.9117801,1563.435518,1632.383177,31,38
11-09-11,2011,0,,LAR,PHI,1416.52,1551.734,0.400307439,0.599692561,1393.676,1574.579,1458.892647,1578.178719,Sam Bradford,Michael Vick,95.20107656,188.4289659,-1.195049418,11.80277222,0.395016872,0.604983128,-29.468624,213.8209171,82.73410651,190.968161,1436.38808,1600.683287,13,31
18-09-11,2011,0,,ATL,PHI,1555.707,1574.579,0.565996209,0.434003791,1569.39,1560.895,1547.836708,1600.683287,Matt Ryan,Michael Vick,133.1536677,190.968161,-1.655627631,12.48223117,0.486579133,0.513420867,84.15124719,233.3226409,128.2534256,195.203609,1564.433459,1584.086536,35,31
09-10-11,2011,0,,BUF,PHI,1504.759,1515.698,0.577178173,0.422821827,1521.922,1498.535,1469.754651,1536.363838,Ryan Fitzpatrick,Michael Vick,149.0134478,207.0956674,21.50586448,18.80409536,0.488757453,0.511242547,149.339328,272.3016315,149.0460358,213.6162638,1491.092413,1515.026076,31,24
16-10-11,2011,0,,WSH,PHI,1481.976,1498.535,0.569263972,0.430736028,1457.768,1522.743,1480.386338,1515.026076,Rex Grossman,Michael Vick,83.84240016,213.6162638,-8.699460101,21.1241888,0.522997689,0.477002311,-174.912596,176.2306648,57.96690055,209.8777039,1458.476212,1536.936202,13,20
20-11-11,2011,0,,NYG,PHI,1552.042,1496.996,0.666198312,0.333801688,1522.737,1526.301,1558.565603,1506.343827,Eli Manning,Vince Young,169.1175455,114.4600741,14.63101282,-67.02161288,0.748233463,0.251766537,59.79022749,90.8572183,158.1848137,112.0997885,1524.519217,1540.390213,10,17
01-12-11,2011,0,,SEA,PHI,1424.309,1505.803,0.476281042,0.523718958,1454.813,1475.3,1421.566573,1524.088757,Tarvaris Jackson,Vince Young,64.01278051,123.057951,-0.158617331,-56.12906005,0.525821016,0.474178984,122.168001,-32.77639566,69.82830256,107.4745163,1448.755704,1496.899627,31,14
11-12-11,2011,0,,MIA,PHI,1505.735,1475.3,0.633988955,0.366011045,1468.181,1512.853,1511.47392,1496.899627,Matt Moore,Michael Vick,97.80594252,184.2493572,1.832491474,15.66051649,0.585188269,0.414811731,-61.85579034,0.021202752,81.83976924,165.8265417,1477.388495,1530.985052,10,26
24-12-11,2011,0,,DAL,PHI,1523.885,1548.727,0.557536015,0.442463985,1493.91,1578.701,1536.152537,1564.446241,Tony Romo,Michael Vick,198.9690986,180.8656479,18.34504964,12.90233188,0.553622408,0.446377592,-2.534273475,205.9189224,178.8187614,183.3709753,1506.426305,1594.172473,7,20
09-09-12,2012,0,,CLE,PHI,1411.456,1561.336,0.380221411,0.619778589,1406.38,1566.411,1397.630121,1576.05048,Brandon Weeden,Michael Vick,103.37976,173.2056756,4.219791716,5.398945474,0.32982783,0.67017217,-211.9606023,38.60038319,71.84572377,159.7451463,1393.300136,1580.380465,16,17
23-09-12,2012,0,,ARI,PHI,1501.576,1573.118,0.490586418,0.509413582,1533.162,1541.532,1500.524128,1586.787479,Kevin Kolb,Michael Vick,84.54017313,173.7925369,21.7315518,5.502492184,0.490384214,0.509615786,223.2574483,-23.04950398,98.41190065,154.1083328,1532.124997,1555.18661,27,6
07-10-12,2012,0,,PIT,PHI,1557.943,1552.732,0.599688415,0.400311585,1566.467,1544.209,1558.569296,1565.561379,Ben Roethlisberger,Michael Vick,164.243452,161.7643599,17.71722183,-0.555984213,0.629814155,0.370185845,209.1392192,158.2509187,168.7330287,161.4130157,1566.375542,1557.755133,16,14
05-11-12,2012,0,,NO,PHI,1538.186,1502.382,0.641130559,0.358869441,1557.214,1483.354,1507.181045,1517.254133,Drew Brees,Michael Vick,275.9227213,160.951439,1.424634404,-0.903942547,0.573726543,0.426273457,231.2736492,-11.9094959,271.4578141,143.6653456,1530.276892,1494.158286,28,13
18-11-12,2012,0,,WSH,PHI,1403.465,1447.75,0.529776007,0.470223993,1433.82,1417.395,1399.371682,1460.262516,Robert Griffin,Nick Foles,179.7218718,73.45404,27.6322498,-76.37125308,0.670691279,0.329308721,403.357792,-178.6826236,202.0854638,48.24037364,1419.688913,1439.945285,31,6
02-12-12,2012,0,,DAL,PHI,1476.309,1388.703,0.706505223,0.293494777,1486.145,1378.868,1487.293811,1415.923696,Tony Romo,Nick Foles,168.5587961,50.87937792,5.403198209,-79.58204529,0.77676491,0.22323509,313.8216476,184.009667,183.0850813,64.19240682,1494.576439,1408.641068,38,33
09-12-12,2012,0,,TB,PHI,1493.509,1378.868,0.73770936,0.26229064,1475.859,1396.518,1499.574717,1408.641068,Josh Freeman,Nick Foles,147.3082569,64.19240682,9.581111332,-68.94642857,0.788082577,0.211917423,46.66223874,240.413024,137.2436551,81.81446854,1480.255139,1427.960646,21,23
30-12-12,2012,0,,NYG,PHI,1589.216,1357.755,0.846390439,0.153609561,1598.918,1348.053,1573.740769,1394.598798,Eli Manning,Michael Vick,124.6245698,137.9318355,-21.68136763,4.438130171,0.768424788,0.231575212,278.7912004,73.3383037,140.0412328,131.4724823,1588.901927,1379.43764,42,7
09-09-13,2013,0,,WSH,PHI,1521.755,1400.368,0.745153687,0.254846313,1490.071,1432.053,1503.728142,1458.247253,Robert Griffin,Michael Vick,170.4330462,131.4724823,4.433666256,0.355936447,0.646686888,0.353313112,142.9485783,256.2398055,167.6845994,143.9492146,1477.29868,1484.676716,27,33
29-09-13,2013,0,,DEN,PHI,1669.66,1386.73,0.881095574,0.118904426,1676.84,1379.551,1671.843081,1438.746886,Peyton Manning,Michael Vick,277.9474195,158.5121266,35.96641924,12.53448611,0.861719607,0.138280393,407.3144197,123.8354388,290.8841195,155.0444578,1680.292352,1430.297615,52,20
06-10-13,2013,0,,NYG,PHI,1458.125,1379.551,0.695609787,0.304390213,1416.859,1420.816,1450.658,1430.297615,Eli Manning,Michael Vick,103.4080882,155.0444578,-19.35341127,10.17392742,0.566061667,0.433938333,5.706085164,140.5674332,93.63788789,153.5967554,1418.595947,1462.359667,21,36
13-10-13,2013,0,,TB,PHI,1424.774,1420.816,0.597955644,0.402044356,1394.095,1451.495,1431.247298,1462.359667,Mike Glennon,Nick Foles,71.30505689,82.97126119,-17.53406063,-61.68411435,0.635728401,0.364271599,158.7450841,360.3873136,80.04905961,110.7128664,1398.199609,1495.407356,20,31
03-11-13,2013,0,,OAK,PHI,1403.291,1397.829,0.600035224,0.399964776,1361.123,1439.997,1409.617627,1439.38582,Terrelle Pryor,Nick Foles,116.8724442,89.58639073,0.505611612,-42.49936384,0.610778154,0.389221846,114.5075374,562.2972799,116.6359535,136.8574797,1366.537318,1482.466129,20,49
10-11-13,2013,0,,GB,PHI,1610.169,1439.997,0.794743475,0.205256525,1561.973,1488.193,1601.920663,1482.466129,Seneca Wallace,Nick Foles,110.8059553,136.8574797,-90.17851204,-16.73885119,0.64527852,0.35472148,19.14889108,236.9664739,101.6402489,146.8683791,1565.238605,1519.148187,13,27
15-12-13,2013,0,,MIN,PHI,1436.562,1536.437,0.449978729,0.550021271,1469.474,1503.525,1410.631977,1564.201249,Matt Cassel,Nick Foles,103.4583616,157.2480805,6.40079229,-4.641014351,0.381977958,0.618022042,341.5908474,292.9644333,127.2716102,170.8197158,1448.463919,1526.369307,48,30
29-12-13,2013,0,,DAL,PHI,1511.451,1538.642,0.554197749,0.445802251,1499.061,1551.032,1511.35291,1556.744289,Kyle Orton,Nick Foles,114.0800872,182.4495629,-44.84273872,8.072934863,0.445457311,0.554542689,256.8024405,58.44983164,128.3523226,170.0495898,1501.731624,1566.365575,22,24
>>>>>>> master
