<?xml version="1.0" encoding="UTF-8"?><gmd:MD_Metadata xmlns:xlink="http://www.w3.org/1999/xlink" xmlns:srv="http://www.isotc211.org/2005/srv" xmlns:gts="http://www.isotc211.org/2005/gts" xmlns:gmd="http://www.isotc211.org/2005/gmd" xmlns:gco="http://www.isotc211.org/2005/gco" xmlns:gml="http://www.opengis.net/gml" xmlns:xsi="http://www.w3.org/2001/XMLSchema-instance">
<gmd:characterSet>
<gmd:MD_CharacterSetCode codeList="http://www.isotc211.org/2005/resources/Codelist/gmxCodelists.xml#MD_CharacterSetCode" codeListValue="utf8" codeSpace="ISOTC211/19115">utf8</gmd:MD_CharacterSetCode>
</gmd:characterSet>
<gmd:hierarchyLevel>
<gmd:MD_ScopeCode codeList="http://www.isotc211.org/2005/resources/Codelist/gmxCodelists.xml#MD_ScopeCode" codeListValue="dataset" codeSpace="ISOTC211/19115">dataset</gmd:MD_ScopeCode>
</gmd:hierarchyLevel>
<gmd:hierarchyLevelName>
<gco:CharacterString>dataset</gco:CharacterString>
</gmd:hierarchyLevelName>
<gmd:contact gco:nilReason="missing"/>
<gmd:dateStamp gco:nilReason="missing"/>
<gmd:metadataStandardName>
<gco:CharacterString>ISO 19139 Geographic Information - Metadata - Implementation Specification</gco:CharacterString>
</gmd:metadataStandardName>
<gmd:metadataStandardVersion>
<gco:CharacterString>2007</gco:CharacterString>
</gmd:metadataStandardVersion>
<gmd:identificationInfo>
<gmd:MD_DataIdentification>
<gmd:citation gco:nilReason="missing"/>
<gmd:abstract>
<gco:CharacterString>CLICK HERE to view metadata. For any questions or technical assistance please email maps@phila.gov.</gco:CharacterString>
</gmd:abstract>
<gmd:purpose>
<gco:CharacterString>This dataset contains crash data for the years 2011-2014.</gco:CharacterString>
</gmd:purpose>
<gmd:descriptiveKeywords>
<gmd:MD_Keywords>
<gmd:keyword>
<gco:CharacterString>City of Philadelphia</gco:CharacterString>
</gmd:keyword>
<gmd:keyword>
<gco:CharacterString>Mayors Office of Transportation and Utilities</gco:CharacterString>
</gmd:keyword>
<gmd:keyword>
<gco:CharacterString>MOTU</gco:CharacterString>
</gmd:keyword>
<gmd:keyword>
<gco:CharacterString>crash</gco:CharacterString>
</gmd:keyword>
<gmd:keyword>
<gco:CharacterString>collision</gco:CharacterString>
</gmd:keyword>
<gmd:keyword>
<gco:CharacterString>traffic</gco:CharacterString>
</gmd:keyword>
<gmd:keyword>
<gco:CharacterString>safety</gco:CharacterString>
</gmd:keyword>
</gmd:MD_Keywords>
</gmd:descriptiveKeywords>
<gmd:descriptiveKeywords>
<gmd:MD_Keywords>
<gmd:keyword>
<gco:CharacterString>City of Philadelphia</gco:CharacterString>
</gmd:keyword>
<gmd:keyword>
<gco:CharacterString>Mayors Office of Transportation and Utilities</gco:CharacterString>
</gmd:keyword>
<gmd:keyword>
<gco:CharacterString>MOTU</gco:CharacterString>
</gmd:keyword>
<gmd:keyword>
<gco:CharacterString>crash</gco:CharacterString>
</gmd:keyword>
<gmd:keyword>
<gco:CharacterString>collision</gco:CharacterString>
</gmd:keyword>
<gmd:keyword>
<gco:CharacterString>traffic</gco:CharacterString>
</gmd:keyword>
<gmd:keyword>
<gco:CharacterString>safety</gco:CharacterString>
</gmd:keyword>
</gmd:MD_Keywords>
</gmd:descriptiveKeywords>
<gmd:descriptiveKeywords>
<gmd:MD_Keywords>
<gmd:keyword>
<gco:CharacterString>City of Philadelphia</gco:CharacterString>
</gmd:keyword>
<gmd:keyword>
<gco:CharacterString>Mayors Office of Transportation and Utilities</gco:CharacterString>
</gmd:keyword>
<gmd:keyword>
<gco:CharacterString>MOTU</gco:CharacterString>
</gmd:keyword>
<gmd:keyword>
<gco:CharacterString>crash</gco:CharacterString>
</gmd:keyword>
<gmd:keyword>
<gco:CharacterString>collision</gco:CharacterString>
</gmd:keyword>
<gmd:keyword>
<gco:CharacterString>traffic</gco:CharacterString>
</gmd:keyword>
<gmd:keyword>
<gco:CharacterString>safety</gco:CharacterString>
</gmd:keyword>
</gmd:MD_Keywords>
</gmd:descriptiveKeywords>
<gmd:descriptiveKeywords>
<gmd:MD_Keywords>
<gmd:keyword>
<gco:CharacterString>City of Philadelphia</gco:CharacterString>
</gmd:keyword>
<gmd:keyword>
<gco:CharacterString>Mayors Office of Transportation and Utilities</gco:CharacterString>
</gmd:keyword>
<gmd:keyword>
<gco:CharacterString>MOTU</gco:CharacterString>
</gmd:keyword>
<gmd:keyword>
<gco:CharacterString>crash</gco:CharacterString>
</gmd:keyword>
<gmd:keyword>
<gco:CharacterString>collision</gco:CharacterString>
</gmd:keyword>
<gmd:keyword>
<gco:CharacterString>traffic</gco:CharacterString>
</gmd:keyword>
<gmd:keyword>
<gco:CharacterString>safety</gco:CharacterString>
</gmd:keyword>
</gmd:MD_Keywords>
</gmd:descriptiveKeywords>
<gmd:descriptiveKeywords>
<gmd:MD_Keywords>
<gmd:keyword>
<gco:CharacterString>City of Philadelphia</gco:CharacterString>
</gmd:keyword>
<gmd:keyword>
<gco:CharacterString>Mayors Office of Transportation and Utilities</gco:CharacterString>
</gmd:keyword>
<gmd:keyword>
<gco:CharacterString>MOTU</gco:CharacterString>
</gmd:keyword>
<gmd:keyword>
<gco:CharacterString>crash</gco:CharacterString>
</gmd:keyword>
<gmd:keyword>
<gco:CharacterString>collision</gco:CharacterString>
</gmd:keyword>
<gmd:keyword>
<gco:CharacterString>traffic</gco:CharacterString>
</gmd:keyword>
<gmd:keyword>
<gco:CharacterString>safety</gco:CharacterString>
</gmd:keyword>
</gmd:MD_Keywords>
</gmd:descriptiveKeywords>
<gmd:descriptiveKeywords>
<gmd:MD_Keywords>
<gmd:keyword>
<gco:CharacterString>City of Philadelphia</gco:CharacterString>
</gmd:keyword>
<gmd:keyword>
<gco:CharacterString>Mayors Office of Transportation and Utilities</gco:CharacterString>
</gmd:keyword>
<gmd:keyword>
<gco:CharacterString>MOTU</gco:CharacterString>
</gmd:keyword>
<gmd:keyword>
<gco:CharacterString>crash</gco:CharacterString>
</gmd:keyword>
<gmd:keyword>
<gco:CharacterString>collision</gco:CharacterString>
</gmd:keyword>
<gmd:keyword>
<gco:CharacterString>traffic</gco:CharacterString>
</gmd:keyword>
<gmd:keyword>
<gco:CharacterString>safety</gco:CharacterString>
</gmd:keyword>
</gmd:MD_Keywords>
</gmd:descriptiveKeywords>
<gmd:descriptiveKeywords>
<gmd:MD_Keywords>
<gmd:keyword>
<gco:CharacterString>City of Philadelphia</gco:CharacterString>
</gmd:keyword>
<gmd:keyword>
<gco:CharacterString>Mayors Office of Transportation and Utilities</gco:CharacterString>
</gmd:keyword>
<gmd:keyword>
<gco:CharacterString>MOTU</gco:CharacterString>
</gmd:keyword>
<gmd:keyword>
<gco:CharacterString>crash</gco:CharacterString>
</gmd:keyword>
<gmd:keyword>
<gco:CharacterString>collision</gco:CharacterString>
</gmd:keyword>
<gmd:keyword>
<gco:CharacterString>traffic</gco:CharacterString>
</gmd:keyword>
<gmd:keyword>
<gco:CharacterString>safety</gco:CharacterString>
</gmd:keyword>
</gmd:MD_Keywords>
</gmd:descriptiveKeywords>
<gmd:resourceConstraints>
<gmd:MD_Constraints>
<gmd:useLimitation>
<gco:CharacterString>The City of Philadelphia makes no representation about the accuracy of any specific information in this GIS data and is provided “as is” and without Warranty of any kind. Boundaries are self-reported. The user of this data will assume complete responsibility for any and all occurrences resulting from its use or display and will hold the City of Philadelphia harmless from any and all claims, demands, liabilities, obligations, damages, suits, judgments or settlements, including reasonable costs and attorneys fees, that arise from use of this data.</gco:CharacterString>
</gmd:useLimitation>
</gmd:MD_Constraints>
</gmd:resourceConstraints>
<gmd:language gco:nilReason="missing"/>
<gmd:characterSet>
<gmd:MD_CharacterSetCode codeList="http://www.isotc211.org/2005/resources/Codelist/gmxCodelists.xml#MD_CharacterSetCode" codeListValue="utf8" codeSpace="ISOTC211/19115">utf8</gmd:MD_CharacterSetCode>
</gmd:characterSet>
</gmd:MD_DataIdentification>
</gmd:identificationInfo>
</gmd:MD_Metadata>
